{"gpt2": [0, 0.031496062992125984, 0.14414414414414414, 0.16129032258064516, 0.14953271028037382, 0.19101123595505617, 0.17886178861788618, 0.22330097087378642, 0.23148148148148148, 0.20212765957446807, 0.2692307692307692, 0.30434782608695654, 0.22826086956521738, 0.2972972972972973, 0.20224719101123595, 0.29357798165137616, 0.20535714285714285, 0.2558139534883721, 0.28865979381443296, 0.32653061224489793, 0.3076923076923077, 0.2682926829268293, 0.22807017543859648, 0.22988505747126436, 0.2857142857142857, 0.37755102040816324, 0.2882882882882883, 0.31958762886597936, 0.21428571428571427, 0.21818181818181817, 0.3522727272727273, 0.27906976744186046, 0.39361702127659576, 0.3125, 0.41975308641975306, 0.27102803738317754, 0.3, 0.35, 0.21428571428571427, 0.35555555555555557, 0.30357142857142855, 0.3368421052631579, 0.4186046511627907, 0.37037037037037035, 0.3826086956521739, 0.45918367346938777, 0.45054945054945056, 0.35294117647058826, 0.3333333333333333, 0.35106382978723405, 0.3142857142857143, 0.41935483870967744, 0.32989690721649484, 0.34545454545454546, 0.34285714285714286, 0.3409090909090909, 0.3838383838383838, 0.4574468085106383, 0.30927835051546393, 0.3739130434782609, 0.35789473684210527, 0.3142857142857143, 0.29069767441860467, 0.42857142857142855, 0.3333333333333333, 0.3020833333333333, 0.32456140350877194, 0.37272727272727274, 0.42857142857142855, 0.3557692307692308, 0.4, 0.4528301886792453, 0.448, 0.4583333333333333, 0.3813559322033898, 0.3333333333333333, 0.43820224719101125, 0.42857142857142855, 0.38, 0.37383177570093457, 0.31958762886597936, 0.4, 0.4330708661417323, 0.36666666666666664, 0.32727272727272727, 0.3504273504273504, 0.37719298245614036, 0.44329896907216493, 0.3392857142857143, 0.35294117647058826, 0.4351145038167939, 0.3135593220338983, 0.46938775510204084, 0.35555555555555557, 0.3153153153153153, 0.3592233009708738, 0.4166666666666667, 0.3655913978494624, 0.38392857142857145, 0.41509433962264153],  "bert": [0.019801980198019802, 0.3228346456692913, 0.5181818181818182, 0.5408163265306123, 0.6, 0.5714285714285714, 0.5392156862745098, 0.6138613861386139, 0.6571428571428571, 0.6451612903225806, 0.6019417475728155, 0.5979381443298969, 0.7222222222222222, 0.723404255319149, 0.6756756756756757, 0.6695652173913044, 0.6036036036036037, 0.711340206185567, 0.6568627450980392, 0.6785714285714286, 0.7558139534883721, 0.6320754716981132, 0.6206896551724138, 0.6422764227642277, 0.5957446808510638, 0.6756756756756757, 0.61, 0.7087378640776699, 0.6953125, 0.6213592233009708, 0.6568627450980392, 0.6160714285714286, 0.5423728813559322, 0.6875, 0.7171717171717171, 0.7079646017699115, 0.6595744680851063, 0.7307692307692307, 0.6947368421052632, 0.6136363636363636, 0.7157894736842105, 0.7403846153846154, 0.6448598130841121, 0.6262626262626263, 0.6296296296296297, 0.7, 0.7043478260869566, 0.6129032258064516, 0.6320754716981132, 0.6696428571428571, 0.6611570247933884, 0.5578947368421052, 0.7087378640776699, 0.7307692307692307, 0.6494845360824743, 0.7008547008547008, 0.5833333333333334, 0.6071428571428571, 0.6513761467889908, 0.7128712871287128, 0.6956521739130435, 0.7127659574468085, 0.6666666666666666, 0.6907216494845361, 0.6448598130841121, 0.5742574257425742, 0.6301369863013698, 0.6747967479674797, 0.6310679611650486, 0.6021505376344086, 0.5894736842105263, 0.5346534653465347, 0.6339285714285714, 0.6078431372549019, 0.631578947368421, 0.6555555555555556, 0.6090909090909091, 0.6129032258064516, 0.6326530612244898, 0.6206896551724138, 0.6170212765957447, 0.6559139784946236, 0.5876288659793815, 0.54, 0.6907216494845361, 0.5392156862745098, 0.673469387755102, 0.5483870967741935, 0.69, 0.6043956043956044, 0.6704545454545454, 0.6588235294117647, 0.6464646464646465, 0.6086956521739131, 0.6666666666666666, 0.5462962962962963, 0.6176470588235294, 0.5490196078431373, 0.4948453608247423, 0.22641509433962265]}
