{"gpt2": [0, 0.06666666666666667, 0.10091743119266056, 0.18518518518518517, 0.15384615384615385, 0.23478260869565218, 0.1702127659574468, 0.25, 0.18888888888888888, 0.1619047619047619, 0.2403846153846154, 0.21739130434782608, 0.3068181818181818, 0.24761904761904763, 0.22330097087378642, 0.21904761904761905, 0.22807017543859648, 0.26373626373626374, 0.2524271844660194, 0.2682926829268293, 0.330188679245283, 0.3046875, 0.3106796116504854, 0.25252525252525254, 0.30526315789473685, 0.30434782608695654, 0.30097087378640774, 0.2857142857142857, 0.32978723404255317, 0.29906542056074764, 0.27927927927927926, 0.23655913978494625, 0.2777777777777778, 0.2743362831858407, 0.2653061224489796, 0.3191489361702128, 0.29591836734693877, 0.31896551724137934, 0.3, 0.30337078651685395, 0.3277310924369748, 0.30701754385964913, 0.4205607476635514, 0.41346153846153844, 0.2967032967032967, 0.35454545454545455, 0.3220338983050847, 0.36363636363636365, 0.3707865168539326, 0.375, 0.3181818181818182, 0.40425531914893614, 0.32432432432432434, 0.371900826446281, 0.32967032967032966, 0.44166666666666665, 0.3130434782608696, 0.3626373626373626, 0.35398230088495575, 0.32456140350877194, 0.3515625, 0.3541666666666667, 0.3118279569892473, 0.3684210526315789, 0.43434343434343436, 0.2717391304347826, 0.3119266055045872, 0.3418803418803419, 0.3652173913043478, 0.2818181818181818, 0.3584905660377358, 0.3488372093023256, 0.4434782608695652, 0.2972972972972973, 0.4166666666666667, 0.3944954128440367, 0.3671875, 0.45652173913043476, 0.38317757009345793, 0.3813559322033898, 0.34545454545454546, 0.29357798165137616, 0.3434343434343434, 0.3761467889908257, 0.40594059405940597, 0.45121951219512196, 0.34234234234234234, 0.42727272727272725, 0.4056603773584906, 0.3163265306122449, 0.28735632183908044, 0.3838383838383838, 0.43564356435643564, 0.4666666666666667, 0.41284403669724773, 0.36904761904761907, 0.330188679245283, 0.34375, 0.44761904761904764, 0.38181818181818183], "gpt2-medium": [0, 0.056179775280898875, 0.19801980198019803, 0.19642857142857142, 0.1834862385321101, 0.1958762886597938, 0.20618556701030927, 0.21568627450980393, 0.2358490566037736, 0.27710843373493976, 0.2777777777777778, 0.2708333333333333, 0.2897196261682243, 0.22580645161290322, 0.2966101694915254, 0.19230769230769232, 0.36082474226804123, 0.27956989247311825, 0.32673267326732675, 0.30701754385964913, 0.3723404255319149, 0.30612244897959184, 0.3761467889908257, 0.2647058823529412, 0.29357798165137616, 0.3482142857142857, 0.30927835051546393, 0.35, 0.2689075630252101, 0.3173076923076923, 0.33653846153846156, 0.4690265486725664, 0.2980769230769231, 0.2549019607843137, 0.358695652173913, 0.44339622641509435, 0.375, 0.41818181818181815, 0.4148936170212766, 0.4157303370786517, 0.37755102040816324, 0.3431372549019608, 0.49514563106796117, 0.43564356435643564, 0.36893203883495146, 0.3684210526315789, 0.32222222222222224, 0.38738738738738737, 0.3577981651376147, 0.34782608695652173, 0.3225806451612903, 0.5137614678899083, 0.29411764705882354, 0.4117647058823529, 0.3978494623655914, 0.3963963963963964, 0.4329896907216495, 0.3813559322033898, 0.4, 0.4380952380952381, 0.3684210526315789, 0.4368932038834951, 0.40229885057471265, 0.2336448598130841, 0.45794392523364486, 0.42, 0.3411764705882353, 0.38202247191011235, 0.38636363636363635, 0.45263157894736844, 0.41346153846153844, 0.2727272727272727, 0.46236559139784944, 0.32075471698113206, 0.39285714285714285, 0.38317757009345793, 0.4519230769230769, 0.4583333333333333, 0.4742268041237113, 0.34, 0.40425531914893614, 0.4787234042553192, 0.5370370370370371, 0.45454545454545453, 0.4274193548387097, 0.41304347826086957, 0.46226415094339623, 0.4731182795698925, 0.4563106796116505, 0.4672897196261682, 0.4444444444444444, 0.41025641025641024, 0.5454545454545454, 0.5267857142857143, 0.38095238095238093, 0.422680412371134, 0.3548387096774194, 0.4380952380952381, 0.3425925925925926, 0.3372093023255814], "bert-base-uncased": [0.02247191011235955, 0.2631578947368421, 0.47674418604651164, 0.6033057851239669, 0.5882352941176471, 0.5578947368421052, 0.5980392156862745, 0.5957446808510638, 0.5802469135802469, 0.6818181818181818, 0.6486486486486487, 0.6764705882352942, 0.6938775510204082, 0.6288659793814433, 0.723404255319149, 0.8072289156626506, 0.5, 0.6702127659574468, 0.7663551401869159, 0.6262626262626263, 0.7452830188679245, 0.616822429906542, 0.6982758620689655, 0.6476190476190476, 0.7339449541284404, 0.5849056603773585, 0.6160714285714286, 0.6730769230769231, 0.6382978723404256, 0.6862745098039216, 0.7156862745098039, 0.78125, 0.6956521739130435, 0.6836734693877551, 0.5841584158415841, 0.6822429906542056, 0.6702127659574468, 0.6513761467889908, 0.6736842105263158, 0.6886792452830188, 0.6881720430107527, 0.6355140186915887, 0.5833333333333334, 0.6989247311827957, 0.6741573033707865, 0.5918367346938775, 0.5887850467289719, 0.6311475409836066, 0.6363636363636364, 0.6635514018691588, 0.638095238095238, 0.7628865979381443, 0.711864406779661, 0.6526315789473685, 0.7043478260869566, 0.6631578947368421, 0.6067415730337079, 0.6363636363636364, 0.6526315789473685, 0.6754385964912281, 0.6779661016949152, 0.7610619469026548, 0.6979166666666666, 0.6106870229007634, 0.6354166666666666, 0.6699029126213593, 0.6161616161616161, 0.6484375, 0.6886792452830188, 0.6695652173913044, 0.5470085470085471, 0.6306306306306306, 0.6105263157894737, 0.6106194690265486, 0.6632653061224489, 0.6448598130841121, 0.65, 0.6283185840707964, 0.6869565217391305, 0.6310679611650486, 0.6346153846153846, 0.5842696629213483, 0.6944444444444444, 0.6170212765957447, 0.6770833333333334, 0.6435643564356436, 0.6923076923076923, 0.696078431372549, 0.6504854368932039, 0.6666666666666666, 0.6981132075471698, 0.7117117117117117, 0.6302521008403361, 0.6506024096385542, 0.6875, 0.5887096774193549, 0.5959595959595959, 0.5048543689320388, 0.4722222222222222, 0.3157894736842105], "bert-base-cased": [0.050505050505050504, 0.22330097087378642, 0.52, 0.6153846153846154, 0.6261682242990654, 0.5865384615384616, 0.6132075471698113, 0.5882352941176471, 0.6666666666666666, 0.6851851851851852, 0.6666666666666666, 0.6091954022988506, 0.7368421052631579, 0.7115384615384616, 0.7171717171717171, 0.6019417475728155, 0.6067415730337079, 0.6181818181818182, 0.6, 0.648936170212766, 0.7065217391304348, 0.6633663366336634, 0.6607142857142857, 0.69, 0.7747747747747747, 0.7127659574468085, 0.7452830188679245, 0.7321428571428571, 0.6702127659574468, 0.7663551401869159, 0.7956989247311828, 0.6454545454545455, 0.6777777777777778, 0.7346938775510204, 0.7247706422018348, 0.7241379310344828, 0.6666666666666666, 0.5918367346938775, 0.7410714285714286, 0.7191011235955056, 0.7288135593220338, 0.7441860465116279, 0.6923076923076923, 0.7304347826086957, 0.6896551724137931, 0.6464646464646465, 0.7058823529411765, 0.7052631578947368, 0.7169811320754716, 0.6470588235294118, 0.7623762376237624, 0.6761904761904762, 0.7448979591836735, 0.7037037037037037, 0.6666666666666666, 0.7454545454545455, 0.6626506024096386, 0.728, 0.6138613861386139, 0.6386554621848739, 0.68, 0.7327586206896551, 0.7294117647058823, 0.6851851851851852, 0.7931034482758621, 0.7192982456140351, 0.7075471698113207, 0.6666666666666666, 0.7280701754385965, 0.7476635514018691, 0.7291666666666666, 0.7321428571428571, 0.7033898305084746, 0.7142857142857143, 0.6605504587155964, 0.74, 0.6666666666666666, 0.7272727272727273, 0.6931818181818182, 0.7216494845360825, 0.6697247706422018, 0.7835051546391752, 0.6964285714285714, 0.6941176470588235, 0.6601941747572816, 0.6936936936936937, 0.6767676767676768, 0.6947368421052632, 0.75, 0.6634615384615384, 0.696078431372549, 0.7155172413793104, 0.638095238095238, 0.5833333333333334, 0.65, 0.7238095238095238, 0.6320754716981132, 0.6842105263157895, 0.5241935483870968, 0.3125],